{"cameraMode":{"drawMode":0,"name":"Shaded","section":"Shading Mode"},"sceneLighting":true,"audioPlay":false,"sceneViewState":{"m_AlwaysRefresh":false,"showFog":true,"showSkybox":true,"showFlares":true,"showImageEffects":true,"showParticleSystems":true,"showVisualEffectGraphs":true,"m_FxEnabled":true},"in2DMode":false,"pivot":{"x":554.6782836914063,"y":511.25201416015627,"z":64.56622314453125},"rotation":{"x":-0.019806822761893274,"y":0.011096246540546418,"z":-0.00022427203657571226,"w":-0.99974524974823},"size":509.1558837890625,"orthographic":true}