{"cameraMode":{"drawMode":0,"name":"Shaded","section":"Shading Mode"},"sceneLighting":true,"audioPlay":false,"sceneViewState":{"m_AlwaysRefresh":false,"showFog":true,"showSkybox":true,"showFlares":true,"showImageEffects":true,"showParticleSystems":true,"showVisualEffectGraphs":true,"m_FxEnabled":true},"in2DMode":false,"pivot":{"x":509.9197998046875,"y":703.6695556640625,"z":-31.458152770996095},"rotation":{"x":0.02814406529068947,"y":-0.05485210195183754,"z":-0.001551346736960113,"w":-0.9981020092964172},"size":31.697425842285158,"orthographic":true}