{"cameraMode":{"drawMode":0,"name":"Shaded","section":"Shading Mode"},"sceneLighting":true,"audioPlay":false,"sceneViewState":{"m_AlwaysRefresh":false,"showFog":true,"showSkybox":true,"showFlares":true,"showImageEffects":true,"showParticleSystems":true,"showVisualEffectGraphs":true,"m_FxEnabled":true},"in2DMode":false,"pivot":{"x":-0.9735293388366699,"y":-1.5390710830688477,"z":1.523353099822998},"rotation":{"x":-0.12127891927957535,"y":-0.1653570830821991,"z":0.02049277536571026,"w":-0.9785385131835938},"size":11.568047523498536,"orthographic":true}